"product_id";"product_title";"product_sku";"product_category";"product_brand";"forecast_stock_qty";"forecast_total_units_sold";"forecast_sales_month";"forecast_sales_day";"forecast_sales_day_lifetime";"forecast_oos_date";"forecast_reorder_date";"forecast_margin_percent";"forecast_frozen_capital";"forecast_po_priority_score";"forecast_lead_time_days";"forecast_minimum_order_qty";"forecast_sales_window_days";"forecast_cost_override";"forecast_tier_threshold_1";"forecast_tier_threshold_2";"forecast_tier_threshold_3";"forecast_product_class";"forecast_enable_reorder";"forecast_do_not_reorder";"forecast_is_must_stock";"forecast_force_reorder";"forecast_flag_for_review";"forecast_mark_for_clearance";"forecast_mark_for_removal";"forecast_reorder_note";"forecast_is_not_moving";"forecast_is_stale_inventory";"forecast_is_out_of_stock";"forecast_is_new_product";"forecast_sales_status";"forecast_first_sold_date";"forecast_last_sold_date";"forecast_first_purchased";"forecast_last_purchased";"aip_forecast_summary";"updated_at"
"14640";"BIRTHDAY CAKE 1G Original THC Pod";"135884272";"POD";NULL;"4";"29";"6";NULL;NULL;"2026-04-13 00:00:00";"2026-04-13 00:00:00";"50.0000";"66.0000";NULL;"3";"2";"90";NULL;NULL;NULL;NULL;"regular";"1";"0";"0";"0";"0";"0";"0";NULL;"0";"0";"0";"0";"not_moving_t2";"2024-11-01 00:00:00";"2025-12-02 00:00:00";"2024-12-12 00:00:00";"2025-10-16 00:00:00";NULL;"2026-01-12 01:16:10"
"14641";"STIIIZY - PREMIUM THC POD - 1G MAGIC MELON";"164288232";"POD";NULL;"6";"9";"2";NULL;NULL;"2026-01-09 00:00:00";"2026-01-09 00:00:00";"50.0000";"99.0000";NULL;NULL;NULL;NULL;NULL;NULL;NULL;NULL;NULL;"1";"0";"0";"0";"0";"0";"0";NULL;"0";"0";"0";"0";"not_moving_t2";"2024-10-28 00:00:00";"2025-11-26 00:00:00";"2024-12-12 00:00:00";"2025-10-16 00:00:00";NULL;"2026-01-12 01:15:02"
"14646";"STIIIZY - PREMIUM THC POD 1G GELATO";"135884522";"POD";NULL;"4";"22";"4";NULL;NULL;"2026-03-31 00:00:00";"2026-03-31 00:00:00";"50.0000";"66.0000";NULL;NULL;NULL;NULL;NULL;NULL;NULL;NULL;NULL;"1";"0";"0";"0";"0";"0";"0";NULL;"0";"0";"0";"0";"not_moving_t2";"2024-10-25 00:00:00";"2025-11-30 00:00:00";"2024-12-12 00:00:00";"2025-11-09 00:00:00";NULL;"2026-01-12 01:15:08"
"14660";"STIIIZY Mini Blunts: 2.5G King Louis XIII";"135884507";"INFUSED PREROLL";NULL;"2";"13";"2";NULL;NULL;"2026-04-09 00:00:00";"2026-04-09 00:00:00";"57.3300";"38.4000";NULL;NULL;NULL;NULL;NULL;NULL;NULL;NULL;"regular";"1";"0";"0";"0";"0";"0";"0";NULL;"0";"0";"0";"0";"not_moving_t2";"2024-10-10 00:00:00";"2025-12-02 00:00:00";"2025-01-14 00:00:00";"2025-09-05 00:00:00";NULL;"2026-01-12 01:13:34"
"14665";"STIIIZY - 40'S MINI JOINTS MULTI-PACK - SKYWALKER OG";"135884472";"INFUSED PREROLL";NULL;"9";"11";"2";NULL;NULL;"2026-03-11 00:00:00";"2026-03-11 00:00:00";"58.9600";"148.5000";NULL;NULL;NULL;NULL;NULL;NULL;NULL;NULL;NULL;"1";"0";"0";"0";"0";"0";"0";NULL;"0";"0";"0";"0";"not_moving_t2";"2024-10-27 00:00:00";"2025-12-01 00:00:00";"2024-12-12 00:00:00";"2025-11-26 00:00:00";NULL;"2026-01-12 01:16:03"
"14666";"STIIIZY - 40'S MINI JOINTS MULTI-PACK - 2.5G OG KUSH";"135884484";"INFUSED PREROLL";NULL;"1";"16";"3";NULL;NULL;"2026-02-04 00:00:00";"2026-02-05 00:00:00";"58.9600";"16.5000";NULL;NULL;NULL;NULL;NULL;NULL;NULL;NULL;"regular";"1";"0";"0";"0";"0";"0";"0";NULL;"0";"0";"0";"0";"not_moving_t2";"2024-10-15 00:00:00";"2025-11-25 00:00:00";"2024-12-12 00:00:00";"2025-09-05 00:00:00";NULL;"2026-01-12 01:14:55"
"14671";"STIIIZY - 40'S MINI JOINTS MULTI-PACK - 2.5G PINK ACAI";"139456321";"INFUSED PREROLL";NULL;"10";"15";"3";NULL;NULL;"2026-02-22 00:00:00";"2026-02-22 00:00:00";"58.9600";"165.0000";NULL;NULL;NULL;NULL;NULL;NULL;NULL;NULL;NULL;"1";"0";"0";"0";"0";"0";"0";NULL;"0";"0";"0";"0";"not_moving_t2";"2024-10-26 00:00:00";"2025-11-21 00:00:00";"2024-12-12 00:00:00";"2025-11-26 00:00:00";NULL;"2026-01-12 01:13:41"
"14677";"WATERMELON Z - .5G 40's Infused Mini Blunt 5 Pack";"135884468";"INFUSED PREROLL";NULL;"3";"7";"1";NULL;NULL;"2026-02-23 00:00:00";"2026-02-23 00:00:00";"57.3300";"57.6000";NULL;NULL;NULL;NULL;NULL;NULL;NULL;NULL;NULL;"1";"0";"0";"0";"0";"0";"0";NULL;"0";"0";"0";"0";"not_moving_t3";"2024-10-25 00:00:00";"2025-11-26 00:00:00";"2025-01-14 00:00:00";"2025-03-06 00:00:00";NULL;"2026-01-12 01:14:42"
"14681";"PINK ACAI - .5G 40's Infused Blunt 5 Pack";"135884480";"INFUSED PREROLL";NULL;"9";"1";"0";NULL;NULL;"2026-02-03 00:00:00";"2026-02-03 00:00:00";"57.3300";"172.8000";NULL;NULL;NULL;NULL;NULL;NULL;NULL;NULL;NULL;"1";"0";"0";"0";"0";"0";"0";NULL;"0";"0";"0";"0";"not_moving_t2";"2024-11-12 00:00:00";"2025-09-26 00:00:00";"2025-01-14 00:00:00";"2025-09-05 00:00:00";NULL;"2026-01-12 01:16:29"
"14692";"STIIIZY Mini Blunts: The Best Exclusive Strawberry Cough";"135884508";"INFUSED PREROLL";NULL;"8";"2";"0";NULL;NULL;"2026-01-09 00:00:00";"2026-01-09 00:00:00";"57.3300";"153.6000";NULL;NULL;NULL;NULL;NULL;NULL;NULL;NULL;NULL;"1";"0";"0";"0";"0";"0";"0";NULL;"0";"0";"0";"0";"not_moving_t2";"2024-11-12 00:00:00";"2025-11-22 00:00:00";"2025-01-14 00:00:00";"2025-09-05 00:00:00";NULL;"2026-01-11 09:26:35"
"14697";"Kiwi Melon | Sativa - Lights On THCV Energy Elixir";"156105138";"ELIXIR";NULL;"18";"2";"1";NULL;NULL;"2026-04-16 00:00:00";"2026-04-16 00:00:00";"50.0000";"216.0000";NULL;NULL;NULL;NULL;NULL;NULL;NULL;NULL;NULL;"1";"0";"0";"0";"0";"0";"0";NULL;"0";"0";"0";"0";"not_moving_t2";"2024-11-07 00:00:00";"2025-08-23 00:00:00";"2025-01-14 00:00:00";"2025-07-01 00:00:00";NULL;"2026-01-12 01:14:49"
"14698";"PLUG™ Exotics: Strawberry Champagne";"137551643";"POD";NULL;"3";"36";"7";NULL;NULL;"2026-02-28 00:00:00";"2026-02-28 00:00:00";"50.0000";"67.5000";NULL;NULL;NULL;NULL;NULL;NULL;NULL;NULL;NULL;"1";"0";"0";"0";"0";"0";"0";NULL;"0";"0";"0";"0";"not_moving_t2";"2024-10-21 00:00:00";"2025-11-30 00:00:00";"2024-12-10 00:00:00";"2025-11-09 00:00:00";NULL;"2026-01-12 01:13:10"
"14700";"WCC PEACH MANGO - 10MG HASH GUMMIES";"135884421";"GUMMY";NULL;"10";"9";"9";NULL;NULL;"2026-04-16 00:00:00";"2026-04-16 00:00:00";"55.5600";"80.0000";NULL;NULL;NULL;NULL;NULL;NULL;NULL;NULL;NULL;"1";"1";"0";"0";"0";"0";"0";NULL;"0";"0";"0";"0";"not_moving_t2";"2024-12-19 00:00:00";"2025-08-13 00:00:00";"2024-12-17 00:00:00";"2025-11-26 00:00:00";NULL;"2026-01-11 09:26:59"
"14701";"PLUG™ DNA: Blue Dream";"145485629";"POD";NULL;"3";"37";"7";NULL;NULL;"2026-02-28 00:00:00";"2026-02-28 00:00:00";"50.0000";"67.5000";NULL;NULL;NULL;NULL;NULL;NULL;NULL;NULL;NULL;"1";"0";"0";"0";"0";"0";"0";NULL;"0";"0";"0";"0";"not_moving_t2";"2024-10-30 00:00:00";"2025-12-04 00:00:00";"2024-12-10 00:00:00";"2025-11-09 00:00:00";NULL;"2026-01-12 01:13:21"
"14704";"PLUG™ DNA: Super Lemon Haze";"152100065";"POD";NULL;"11";"45";"10";NULL;NULL;"2026-02-02 00:00:00";"2026-02-03 00:00:00";"50.0000";"247.5000";NULL;NULL;NULL;NULL;NULL;NULL;NULL;NULL;NULL;"1";"0";"0";"0";"0";"0";"0";NULL;"0";"0";"0";"0";"not_moving_t2";"2024-10-27 00:00:00";"2025-11-24 00:00:00";"2024-12-10 00:00:00";"2025-11-09 00:00:00";NULL;"2026-01-12 01:13:28"
"14711";"PINEAPPLE PARADISE - Gummies 100mg THC Edibles";"136700951";"GUMMY";NULL;"7";"16";"3";NULL;NULL;"2026-04-02 00:00:00";"2026-04-02 00:00:00";"60.0000";"58.8000";NULL;NULL;NULL;NULL;NULL;NULL;NULL;NULL;NULL;"1";"0";"0";"0";"0";"0";"0";NULL;"0";"0";"0";"0";"not_moving_t2";"2024-11-07 00:00:00";"2025-12-04 00:00:00";"2025-01-14 00:00:00";"2025-09-05 00:00:00";NULL;"2026-01-12 01:17:05"
"14712";"STIIIZY Nano Gummies: Exclusive Relaxing Sensation";"136700944";"GUMMY";NULL;"9";"14";"3";NULL;NULL;"2026-03-26 00:00:00";"2026-03-26 00:00:00";"60.0000";"75.6000";NULL;NULL;NULL;NULL;NULL;NULL;NULL;NULL;NULL;"1";"0";"0";"0";"0";"0";"0";NULL;"0";"0";"0";"0";"not_moving_t2";"2024-10-15 00:00:00";"2025-11-30 00:00:00";"2024-12-12 00:00:00";"2025-09-05 00:00:00";NULL;"2026-01-12 01:17:11"
"14714";"MANGO TANGO - Gummies 100mg THC Edibles";"136700949";"GUMMY";NULL;"5";"20";"4";NULL;NULL;"2026-02-12 00:00:00";"2026-02-05 00:00:00";"60.0000";"42.0000";NULL;NULL;NULL;NULL;NULL;NULL;NULL;NULL;NULL;"1";"0";"0";"0";"0";"0";"0";NULL;"0";"0";"0";"0";"not_moving_t2";"2024-11-07 00:00:00";"2025-11-21 00:00:00";"2024-12-12 00:00:00";"2025-09-05 00:00:00";NULL;"2026-01-12 01:16:16"
"14715";"BLUE RASPBERRY BLAST - Gummies 100mg THC Edibles";"136700939";"GUMMY";NULL;"2";"19";"4";NULL;NULL;"2026-01-26 00:00:00";"2026-01-26 00:00:00";"60.0000";"16.8000";NULL;NULL;NULL;NULL;NULL;NULL;NULL;NULL;NULL;"1";"0";"0";"0";"0";"0";"0";NULL;"0";"0";"0";"0";"not_moving_t2";"2024-11-07 00:00:00";"2025-12-01 00:00:00";"2024-12-12 00:00:00";"2025-09-05 00:00:00";NULL;"2026-01-12 01:16:23"
"14718";"WATERMELON WAVE - Gummies 100mg THC Edibles";"136700962";"GUMMY";NULL;"2";"22";"4";NULL;NULL;"2026-01-15 00:00:00";"2026-01-15 00:00:00";"60.0000";"16.8000";NULL;NULL;NULL;NULL;NULL;NULL;NULL;NULL;NULL;"1";"0";"0";"0";"0";"0";"0";NULL;"0";"0";"0";"0";"not_moving_t2";"2024-10-25 00:00:00";"2025-11-26 00:00:00";"2024-12-12 00:00:00";"2025-09-05 00:00:00";NULL;"2026-01-12 01:33:53"
"14773";"GMO Indica (28g)";"162841953";"PRE-PACK FLOWER";NULL;"2";"8";"1";NULL;NULL;"2026-03-08 00:00:00";"2026-03-09 00:00:00";"59.7800";"111.0000";NULL;NULL;NULL;NULL;NULL;NULL;NULL;NULL;"regular";"1";"0";"0";"0";"0";"0";"0";NULL;"0";"0";"0";"0";"not_moving_t2";"2024-11-14 00:00:00";"2025-12-04 00:00:00";"2025-01-08 00:00:00";"2025-07-29 00:00:00";NULL;"2026-01-12 01:34:00"
"14777";"STIIIZY - 40 MINI BLUNTS MULTI-PACK - 2.5G PINEAPPLE EXPRESS";"135884465";"INFUSED PREROLL";NULL;"6";"12";"2";NULL;NULL;"2026-03-16 00:00:00";"2026-03-16 00:00:00";"57.3300";"115.2000";NULL;NULL;NULL;NULL;NULL;NULL;NULL;NULL;NULL;"1";"0";"0";"0";"0";"0";"0";NULL;"0";"0";"0";"0";"not_moving_t2";"2024-10-25 00:00:00";"2025-12-01 00:00:00";"2025-01-14 00:00:00";"2025-09-05 00:00:00";NULL;"2026-01-12 01:34:06"
"14788";"STIIIZY - LITE BATTERY - BLACK";"157290309";"BATTERY";NULL;"12";"15";"3";NULL;NULL;"2026-01-19 00:00:00";"2026-01-19 00:00:00";"50.0000";"72.0000";NULL;NULL;NULL;NULL;NULL;NULL;NULL;NULL;NULL;"1";"0";"0";"0";"0";"0";"0";NULL;"0";"0";"0";"0";"not_moving_t2";"2024-10-21 00:00:00";"2025-12-04 00:00:00";NULL;NULL;NULL;"2026-01-12 01:34:12"
"14801";"Cookie Platter - Top Shelf CUREjoint Variety Pack - 3.5g";"152224880";"PREROLL FLOWER";NULL;"12";"7";"1";NULL;NULL;"2026-02-17 00:00:00";"2026-02-17 00:00:00";"58.9600";"198.0000";NULL;NULL;NULL;NULL;NULL;NULL;NULL;NULL;NULL;"1";"0";"0";"0";"0";"0";"0";NULL;"0";"0";"0";"0";"not_moving_t3";"2024-10-25 00:00:00";"2025-12-04 00:00:00";"2025-03-15 00:00:00";"2025-04-23 00:00:00";NULL;"2026-01-12 01:34:57"
"14815";"Gas Pack: Exclusive Top Shelf CUREjoint Variety Bundle";"136715174";"PREROLL FLOWER";NULL;"3";"6";"1";NULL;NULL;"2026-02-27 00:00:00";"2026-02-27 00:00:00";"58.9600";"49.5000";NULL;NULL;NULL;NULL;NULL;NULL;NULL;NULL;NULL;"1";"0";"0";"0";"0";"0";"0";NULL;"0";"0";"0";"0";"not_moving_t2";"2024-10-29 00:00:00";"2025-11-22 00:00:00";"2024-12-17 00:00:00";"2025-07-15 00:00:00";NULL;"2026-01-12 01:26:40"
"14817";"PLUGPLAY Battery: Black";"139367686";"BATTERY";NULL;"7";"8";"1";NULL;NULL;"2026-02-06 00:00:00";"2026-02-06 00:00:00";"50.0000";"94.5000";NULL;NULL;NULL;NULL;NULL;NULL;NULL;NULL;NULL;"1";"0";"0";"0";"0";"0";"0";NULL;"0";"0";"0";"0";"not_moving_t2";"2024-12-12 00:00:00";"2025-11-20 00:00:00";"2024-12-10 00:00:00";"2025-07-10 00:00:00";NULL;"2026-01-12 01:26:46"
"14820";"Blue Dream - Jefferey Infused Joint .65g 5 Pack";"135884282";"INFUSED PREROLL";NULL;"3";"14";"3";NULL;NULL;"2026-03-10 00:00:00";"2026-03-11 00:00:00";"60.0000";"54.0000";NULL;NULL;NULL;NULL;NULL;NULL;NULL;NULL;NULL;"1";"0";"0";"0";"0";"0";"0";NULL;"0";"0";"0";"0";"not_moving_t2";"2024-10-26 00:00:00";"2025-11-30 00:00:00";"2025-03-15 00:00:00";"2025-10-08 00:00:00";NULL;"2026-01-12 01:26:53"
"14824";"STIIIZY Watermelon: Best Premium THC Pod for Enthusiasts";"135884543";"POD";NULL;"5";"26";"5";NULL;NULL;"2026-03-07 00:00:00";"2026-03-08 00:00:00";"50.0000";"82.5000";NULL;NULL;NULL;NULL;NULL;NULL;NULL;NULL;NULL;"1";"0";"0";"0";"0";"0";"0";NULL;"0";"0";"0";"0";"not_moving_t2";"2024-10-11 00:00:00";"2025-12-04 00:00:00";"2024-12-12 00:00:00";"2025-10-16 00:00:00";NULL;"2026-01-12 01:26:59"
"14827";"THC50 Releaf Capsules: Best Effortless Relief Solution";"137145010";"CAPSULE";NULL;"14";"31";"6";NULL;NULL;"2026-02-01 00:00:00";"2026-02-01 00:00:00";"59.7200";"406.0000";NULL;NULL;NULL;NULL;NULL;NULL;NULL;NULL;"regular";"1";"0";"0";"0";"0";"0";"0";NULL;"0";"0";"0";"0";"not_moving_t2";"2024-11-06 00:00:00";"2025-12-02 00:00:00";"2025-01-14 00:00:00";"2025-11-26 00:00:00";NULL;"2026-01-12 01:27:06"
"14834";"Do-Si-Dos: Stunning THC Pod for Effortless Relaxation";"135884322";"POD";NULL;"4";"24";"5";NULL;NULL;"2026-02-14 00:00:00";"2026-02-14 00:00:00";"50.0000";"66.0000";NULL;NULL;NULL;NULL;NULL;NULL;NULL;NULL;NULL;"1";"0";"0";"0";"0";"0";"0";NULL;"0";"0";"0";"0";"not_moving_t2";"2024-11-01 00:00:00";"2025-12-01 00:00:00";"2024-12-12 00:00:00";"2025-11-09 00:00:00";NULL;"2026-01-12 01:27:13"
"14841";"STIIIZY: Stunning 1G THC Pod for an Effortless High";"135884512";"POD";NULL;"10";"0";"0";NULL;NULL;"2028-01-12 00:00:00";"2028-01-05 00:00:00";"50.0000";"165.0000";NULL;NULL;NULL;NULL;NULL;NULL;NULL;NULL;NULL;"1";"0";"0";"0";"0";"0";"0";NULL;"0";"0";"0";"0";"not_moving_t1";"2024-12-04 00:00:00";"2025-06-03 00:00:00";"2024-12-12 00:00:00";"2025-11-09 00:00:00";NULL;"2026-01-12 01:27:19"
"14844";"Exotic Pack: Exclusive Top Shelf CUREjoint Delight";"136715179";"PREROLL FLOWER";NULL;"9";"7";"1";NULL;NULL;"2026-01-14 00:00:00";"2026-01-14 00:00:00";"58.9600";"148.5000";NULL;NULL;NULL;NULL;NULL;NULL;NULL;NULL;NULL;"1";"0";"0";"0";"0";"0";"0";NULL;"0";"0";"0";"0";"not_moving_t2";"2024-10-31 00:00:00";"2025-12-04 00:00:00";"2024-12-17 00:00:00";"2025-09-17 00:00:00";NULL;"2026-01-12 01:27:26"
"14846";"Stunning STIIIZY THC Pod: The Best Sour Tangie Experience";"135884461";"POD";NULL;"9";"7";"1";NULL;NULL;"2026-04-10 00:00:00";"2026-04-10 00:00:00";"50.0000";"148.5000";NULL;NULL;NULL;NULL;NULL;NULL;NULL;NULL;NULL;"1";"0";"0";"0";"0";"0";"0";NULL;"0";"0";"0";"0";"not_moving_t2";"2024-10-11 00:00:00";"2025-11-20 00:00:00";"2024-12-12 00:00:00";"2025-11-09 00:00:00";NULL;"2026-01-12 01:27:33"
"14850";"Releaf Patch: Exclusive 30mg for Best Relief";"137834671";"PATCH";NULL;"2";"5";"1";NULL;NULL;"2026-02-13 00:00:00";"2026-02-13 00:00:00";"54.3200";"14.8000";NULL;NULL;NULL;NULL;NULL;NULL;NULL;NULL;"regular";"1";"0";"0";"0";"0";"0";"0";NULL;"0";"0";"0";"0";"not_moving_t3";"2024-10-30 00:00:00";"2025-11-29 00:00:00";"2025-04-24 00:00:00";"2025-04-24 00:00:00";NULL;"2026-01-12 01:27:39"
"14855";"Vape Cartridge - SUPER LEMON HAZE 1G Original THC Pod - STIIIZY";"146113172";"POD";NULL;"2";"21";"5";NULL;NULL;"2026-03-20 00:00:00";"2026-03-20 00:00:00";"50.0000";"33.0000";NULL;NULL;NULL;NULL;NULL;NULL;NULL;NULL;NULL;"1";"0";"0";"0";"0";"0";"0";NULL;"0";"0";"0";"0";"not_moving_t2";"2024-10-11 00:00:00";"2025-11-13 00:00:00";"2024-12-12 00:00:00";"2025-10-16 00:00:00";NULL;"2026-01-12 01:27:46"
"14858";"Strawberry Lemonade Sour Gummy";"136814997";"GUMMY";NULL;"10";"17";"4";NULL;NULL;"2026-01-25 00:00:00";"2026-01-25 00:00:00";"66.6700";"70.0000";NULL;NULL;NULL;NULL;NULL;NULL;NULL;NULL;NULL;"1";"0";"0";"0";"0";"0";"0";NULL;"0";"0";"0";"0";"not_moving_t2";"2024-10-27 00:00:00";"2025-11-07 00:00:00";"2025-02-04 00:00:00";"2025-12-04 00:00:00";NULL;"2026-01-12 01:27:53"
"14904";"Blackberry Lemon | Indica - Live Rosin Gummies";"165871706";"GUMMY";NULL;"11";"37";"8";NULL;NULL;"2026-03-05 00:00:00";"2026-03-05 00:00:00";"50.0000";"165.0000";NULL;NULL;NULL;NULL;NULL;NULL;NULL;NULL;NULL;"1";"0";"0";"0";"0";"0";"0";NULL;"0";"0";"0";"0";"not_moving_t2";"2024-10-12 00:00:00";"2025-11-29 00:00:00";"2025-01-14 00:00:00";"2025-10-31 00:00:00";NULL;"2026-01-12 01:27:59"
"15011";"LIFT Tickets: Exclusive Cherry Z Infused Rolling Paper 5-Pack";"156113576";"ROLLING PAPERS";NULL;"8";"1";"0";NULL;NULL;"2026-01-25 00:00:00";"2026-01-09 00:00:00";"40.0000";"72.0000";NULL;NULL;NULL;NULL;NULL;NULL;NULL;NULL;NULL;"1";"0";"0";"0";"0";"0";"0";NULL;"0";"0";"0";"0";"not_moving_t2";"2024-10-28 00:00:00";"2025-12-03 00:00:00";NULL;NULL;NULL;"2026-01-12 01:28:05"
"15014";"Portable Power Case - Purple";"156113577";"BATTERY";NULL;"11";"0";"0";NULL;NULL;"2028-01-12 00:00:00";"2028-01-05 00:00:00";"50.0000";"132.0000";NULL;NULL;NULL;NULL;NULL;NULL;NULL;NULL;NULL;"1";"0";"0";"0";"0";"0";"0";NULL;"0";"0";"0";"0";"not_moving_t1";"2025-02-01 00:00:00";"2025-07-15 00:00:00";NULL;NULL;NULL;"2026-01-12 01:28:12"
"15015";"Midnight Cherry | Indica - Lights Out CBN Sleep Elixir";"156105139";"ELIXIR";NULL;"15";"7";"2";NULL;NULL;"2026-03-25 00:00:00";"2026-03-25 00:00:00";"50.0000";"180.0000";NULL;NULL;NULL;NULL;NULL;NULL;NULL;NULL;NULL;"1";"0";"0";"0";"0";"0";"0";NULL;"0";"0";"0";"0";"not_moving_t2";"2024-10-18 00:00:00";"2025-10-22 00:00:00";"2025-01-14 00:00:00";"2025-07-01 00:00:00";NULL;"2026-01-12 01:28:54"
"15018";"LIFT TICKETS: INFUSED ROLLING PAPER MULTIPACK (5): WITH GLASS TIPS: BLUEBERRY ZLUSHI [H]";"156086151";"ROLLING PAPERS";NULL;"2";"2";"0";NULL;NULL;"2026-04-16 00:00:00";"2026-04-16 00:00:00";"40.0000";"18.0000";NULL;NULL;NULL;NULL;NULL;NULL;NULL;NULL;NULL;"1";"0";"0";"0";"0";"0";"0";NULL;"0";"0";"0";"0";"not_moving_t2";"2024-12-07 00:00:00";"2025-10-13 00:00:00";NULL;NULL;NULL;"2026-01-12 01:29:01"
"15020";"LIFT Tickets: Stunning Infused Rolling Paper Multipack";"156086153";"ROLLING PAPERS";NULL;"5";"0";"0";NULL;NULL;"2028-01-12 00:00:00";"2028-01-05 00:00:00";"40.0000";"45.0000";NULL;NULL;NULL;NULL;NULL;NULL;NULL;NULL;NULL;"1";"0";"0";"0";"0";"0";"0";NULL;"0";"0";"0";"0";"not_moving_t1";"2024-11-15 00:00:00";"2025-06-10 00:00:00";NULL;NULL;NULL;"2026-01-12 01:29:07"
"15029";"Lights Out CBN Sleep Stlth Tabs | Indica - RCS Tablets (10 count)";"154990545";"TABLET";NULL;"12";"10";"2";NULL;NULL;"2026-03-07 00:00:00";"2026-03-07 00:00:00";"50.0000";"144.0000";NULL;NULL;NULL;NULL;NULL;NULL;NULL;NULL;NULL;"1";"0";"0";"0";"0";"0";"0";NULL;"0";"0";"0";"0";"not_moving_t2";"2024-10-25 00:00:00";"2025-11-25 00:00:00";"2025-02-21 00:00:00";"2025-07-01 00:00:00";NULL;"2026-01-12 01:29:14"
"15053";"CUREjoint: Stunning 3 x 1G Variety Pack You'll Love";"151793323";"PREROLL FLOWER";NULL;"11";"4";"2";NULL;NULL;"2026-02-07 00:00:00";"2026-02-07 00:00:00";"58.9600";"181.5000";NULL;NULL;NULL;NULL;NULL;NULL;NULL;NULL;NULL;"1";"0";"0";"0";"0";"0";"0";NULL;"0";"0";"0";"0";"not_moving_t2";"2024-10-29 00:00:00";"2025-09-04 00:00:00";"2024-12-17 00:00:00";"2025-09-17 00:00:00";NULL;"2026-01-12 01:29:20"
"15077";"Watermelon Sour Gummy";"136814998";"GUMMY";NULL;"10";"45";"10";NULL;NULL;"2026-02-26 00:00:00";"2026-02-27 00:00:00";"50.0000";"105.0000";NULL;NULL;NULL;NULL;NULL;NULL;NULL;NULL;NULL;"1";"0";"0";"0";"0";"0";"0";NULL;"0";"0";"0";"0";"not_moving_t2";"2024-10-08 00:00:00";"2025-11-20 00:00:00";"2025-02-04 00:00:00";"2025-12-04 00:00:00";NULL;"2026-01-12 01:30:07"
"15108";"Vape Cartridge - GELATO 1G Original THC Pod - STIIIZY";"135884336";"POD";NULL;"4";"18";"3";NULL;NULL;"2026-02-23 00:00:00";"2026-02-24 00:00:00";"50.0000";"66.0000";NULL;NULL;NULL;NULL;NULL;NULL;NULL;NULL;"regular";"1";"0";"0";"0";"0";"0";"0";NULL;"0";"0";"0";"0";"not_moving_t2";"2024-10-07 00:00:00";"2025-12-02 00:00:00";"2024-12-12 00:00:00";"2025-11-09 00:00:00";NULL;"2026-01-12 01:30:14"
"15109";"Releaf Balm 3:1 CBD:THC 15ml";"137145005";"BALM";NULL;"10";"5";"1";NULL;NULL;"2026-01-20 00:00:00";"2026-01-20 00:00:00";"50.0000";"165.0000";NULL;NULL;NULL;NULL;NULL;NULL;NULL;NULL;"regular";"1";"0";"0";"0";"0";"0";"0";NULL;"0";"0";"0";"0";"not_moving_t2";"2024-10-30 00:00:00";"2025-11-26 00:00:00";"2025-02-21 00:00:00";"2025-10-31 00:00:00";NULL;"2026-01-12 01:30:20"
"15110";"Stunning Releaf Capsules: The Best CBD:THC Blend";"137146614";"CAPSULE";NULL;"7";"5";"1";NULL;NULL;"2026-01-13 00:00:00";"2026-01-13 00:00:00";"50.0000";"252.0000";NULL;NULL;NULL;NULL;NULL;NULL;NULL;NULL;"regular";"1";"0";"0";"0";"0";"0";"0";NULL;"0";"0";"0";"0";"not_moving_t2";"2024-11-06 00:00:00";"2025-11-29 00:00:00";"2025-02-21 00:00:00";"2025-07-01 00:00:00";NULL;"2026-01-12 01:30:27"
"15113";"Releaf Patch 1:1 CBD:THC 30mg";"137834669";"PATCH";NULL;"8";"3";"0";NULL;NULL;"2026-03-03 00:00:00";"2026-03-03 00:00:00";"54.3200";"59.2000";NULL;NULL;NULL;NULL;NULL;NULL;NULL;NULL;"regular";"1";"0";"0";"0";"0";"0";"0";NULL;"0";"0";"0";"0";"not_moving_t3";"2024-10-30 00:00:00";"2025-10-20 00:00:00";"2025-04-24 00:00:00";"2025-04-24 00:00:00";NULL;"2026-01-12 01:30:34"
"15124";"THC25 Releaf Capsules: Effortless Stress Relief Solution";"137145008";"CAPSULE";NULL;"16";"23";"5";NULL;NULL;"2026-02-04 00:00:00";"2026-02-04 00:00:00";"59.7200";"464.0000";NULL;NULL;NULL;NULL;NULL;NULL;NULL;NULL;"regular";"1";"0";"0";"0";"0";"0";"0";NULL;"0";"0";"0";"0";"not_moving_t2";"2024-12-04 00:00:00";"2025-11-19 00:00:00";"2025-01-14 00:00:00";"2025-11-26 00:00:00";NULL;"2026-01-12 01:31:27"
"15125";"Releaf Capsules 30:1 CBD:THC, 30CT";"137145637";"CAPSULE";NULL;"9";"11";"2";NULL;NULL;"2026-03-19 00:00:00";"2026-03-19 00:00:00";"50.0000";"405.0000";NULL;NULL;NULL;NULL;NULL;NULL;NULL;NULL;"regular";"1";"0";"0";"0";"0";"0";"0";NULL;"0";"0";"0";"0";"not_moving_t2";"2024-11-08 00:00:00";"2025-11-25 00:00:00";"2025-02-21 00:00:00";"2025-10-31 00:00:00";NULL;"2026-01-12 01:31:33"
"15129";"Mango Haze Live Resin Diamonds";"135884402";"DIAMONDS";NULL;"5";"5";"1";NULL;NULL;"2026-01-19 00:00:00";"2026-01-19 00:00:00";"50.0000";"67.5000";NULL;NULL;NULL;NULL;NULL;NULL;NULL;NULL;NULL;"1";"0";"0";"0";"0";"0";"0";NULL;"0";"0";"0";"0";"not_moving_t2";"2024-10-15 00:00:00";"2025-11-23 00:00:00";"2025-02-20 00:00:00";"2025-09-17 00:00:00";NULL;"2026-01-12 01:31:40"
"15155";"Sleep Releaf CBN Capsules, 30ct";"137146615";"CAPSULE";NULL;"6";"6";"1";NULL;NULL;"2026-04-11 00:00:00";"2026-04-11 00:00:00";"50.0000";"144.0000";NULL;NULL;NULL;NULL;NULL;NULL;NULL;NULL;"regular";"1";"0";"0";"0";"0";"0";"0";NULL;"0";"0";"0";"0";"not_moving_t2";"2024-12-21 00:00:00";"2025-11-25 00:00:00";"2025-07-01 00:00:00";"2025-07-01 00:00:00";NULL;"2026-01-12 01:31:47"
"15189";"WATERMELON Z - .5G 40's Infused Mini Preroll 5 Pack";"135884474";"INFUSED PREROLL";NULL;"9";"20";"4";NULL;NULL;"2026-03-16 00:00:00";"2026-03-16 00:00:00";"58.9600";"148.5000";NULL;NULL;NULL;NULL;NULL;NULL;NULL;NULL;NULL;"1";"0";"0";"0";"0";"0";"0";NULL;"0";"0";"0";"0";"not_moving_t2";"2024-10-17 00:00:00";"2025-12-01 00:00:00";"2024-12-12 00:00:00";"2025-11-26 00:00:00";NULL;"2026-01-12 01:31:54"
"15542";"CEREAL MILK - 3.5G";"140958664";"PRE-PACK FLOWER";NULL;"6";"24";"5";NULL;NULL;"2026-02-16 00:00:00";"2026-02-09 00:00:00";"52.5000";"171.0000";NULL;NULL;NULL;NULL;NULL;NULL;NULL;NULL;"regular";"1";"0";"0";"0";"0";"0";"0";NULL;"0";"0";"0";"0";"not_moving_t2";"2024-11-12 00:00:00";"2025-12-04 00:00:00";"2024-12-06 00:00:00";"2025-10-30 00:00:00";NULL;"2026-01-12 01:32:03"
"15683";"Rainbow Sherbet - Top Shelf CUREjoint 1g";"135884439";"PREROLL FLOWER";NULL;"22";"6";"1";NULL;NULL;"2026-01-28 00:00:00";"2026-01-28 00:00:00";"60.0000";"132.0000";NULL;NULL;NULL;NULL;NULL;NULL;NULL;NULL;NULL;"1";"0";"0";"0";"0";"0";"0";NULL;"0";"0";"0";"0";"not_moving_t2";"2024-10-25 00:00:00";"2025-11-26 00:00:00";"2024-12-17 00:00:00";"2025-09-17 00:00:00";NULL;"2026-01-12 01:32:10"
"15685";"Lemon Twist - Top Shelf CUREjoint 1g";"135884372";"PREROLL FLOWER";NULL;"2";"9";"2";NULL;NULL;"2026-01-14 00:00:00";"2026-01-15 00:00:00";"60.0000";"12.0000";NULL;NULL;NULL;NULL;NULL;NULL;NULL;NULL;NULL;"1";"0";"0";"0";"0";"0";"0";NULL;"0";"0";"0";"0";"not_moving_t3";"2024-10-27 00:00:00";"2025-11-26 00:00:00";"2024-12-17 00:00:00";"2025-04-23 00:00:00";NULL;"2026-01-12 01:32:17"
"15687";"Bacio Gelato - Top Shelf CUREjoint 1g";"135884266";"PREROLL FLOWER";NULL;"8";"4";"1";NULL;NULL;"2026-03-11 00:00:00";"2026-03-11 00:00:00";"60.0000";"48.0000";NULL;NULL;NULL;NULL;NULL;NULL;NULL;NULL;NULL;"1";"0";"0";"0";"0";"0";"0";NULL;"0";"0";"0";"0";"not_moving_t3";"2024-10-28 00:00:00";"2025-09-22 00:00:00";"2024-12-17 00:00:00";"2025-03-15 00:00:00";NULL;"2026-01-12 01:32:24"
"15688";"Apple Fritter - Top Shelf CUREjoint 1g";"152224877";"PREROLL FLOWER";NULL;"17";"9";"2";NULL;NULL;"2026-02-16 00:00:00";"2026-02-16 00:00:00";"60.0000";"102.0000";NULL;NULL;NULL;NULL;NULL;NULL;NULL;NULL;NULL;"1";"0";"0";"0";"0";"0";"0";NULL;"0";"0";"0";"0";"not_moving_t2";"2024-11-08 00:00:00";"2025-11-13 00:00:00";"2024-12-17 00:00:00";"2025-09-17 00:00:00";NULL;"2026-01-12 01:32:30"
"15717";"PLUG™ DNA: Syndicate OG";"137551635";"POD";NULL;"10";"27";"6";NULL;NULL;"2026-03-18 00:00:00";"2026-03-18 00:00:00";"50.0000";"225.0000";NULL;NULL;NULL;NULL;NULL;NULL;NULL;NULL;NULL;"1";"0";"0";"0";"0";"0";"0";NULL;"0";"0";"0";"0";"not_moving_t2";"2024-10-29 00:00:00";"2025-11-25 00:00:00";"2024-12-10 00:00:00";"2025-11-26 00:00:00";NULL;"2026-01-12 01:32:43"
"15726";"Releaf Tincture 1:3 CBD:THC, 15ml";"137145656";"DROPPER";NULL;"11";"5";"1";NULL;NULL;"2026-01-20 00:00:00";"2026-04-10 00:00:00";"55.8800";"247.5000";NULL;NULL;NULL;NULL;NULL;NULL;NULL;NULL;NULL;"1";"0";"0";"0";"0";"0";"0";NULL;"0";"0";"0";"0";"not_moving_t2";"2024-11-15 00:00:00";"2025-11-29 00:00:00";"2025-02-21 00:00:00";"2025-10-31 00:00:00";NULL;"2026-01-12 01:32:49"
"15737";"PLUG™ DNA: Sugar Daddy Purple";"137551634";"POD";NULL;"13";"35";"8";NULL;NULL;"2026-04-12 00:00:00";"2026-04-12 00:00:00";"50.0000";"292.5000";NULL;NULL;NULL;NULL;NULL;NULL;NULL;NULL;NULL;"1";"0";"0";"0";"0";"0";"0";NULL;"0";"0";"0";"0";"not_moving_t2";"2024-10-28 00:00:00";"2025-11-21 00:00:00";"2024-12-10 00:00:00";"2025-11-26 00:00:00";NULL;"2026-01-12 01:32:56"
"15738";"SKYWALKER OG - .5G 40's Infused Mini Blunt 5 Pack";"135884466";"INFUSED PREROLL";NULL;"3";"15";"3";NULL;NULL;"2026-04-13 00:00:00";"2026-04-14 00:00:00";"57.3300";"57.6000";NULL;NULL;NULL;NULL;NULL;NULL;NULL;NULL;NULL;"1";"0";"0";"0";"0";"0";"0";NULL;"0";"0";"0";"0";"not_moving_t2";"2024-10-25 00:00:00";"2025-11-30 00:00:00";"2025-01-14 00:00:00";"2025-09-05 00:00:00";NULL;"2026-01-12 01:33:03"
"15745";"Stunning STIIIZY Pink Runtz 1G: Best Liquid Diamonds Pod";"157233334";"POD";NULL;"7";"3";"0";NULL;NULL;"2026-01-14 00:00:00";"2026-01-14 00:00:00";"55.1300";"122.5000";NULL;NULL;NULL;NULL;NULL;NULL;NULL;NULL;NULL;"1";"0";"0";"0";"0";"0";"0";NULL;"0";"0";"0";"0";"not_moving_t2";"2024-11-09 00:00:00";"2025-11-13 00:00:00";"2024-12-12 00:00:00";"2025-09-05 00:00:00";NULL;"2026-01-12 01:33:09"
"15752";"PLUG™ DNA: Fire OG";"137551632";"POD";NULL;"3";"59";"12";NULL;NULL;"2026-01-23 00:00:00";"2026-01-24 00:00:00";"50.0000";"67.5000";NULL;NULL;NULL;NULL;NULL;NULL;NULL;NULL;NULL;"1";"0";"0";"0";"0";"0";"0";NULL;"0";"0";"0";"0";"not_moving_t2";"2024-11-15 00:00:00";"2025-12-04 00:00:00";"2024-12-20 00:00:00";"2025-11-26 00:00:00";NULL;"2026-01-12 01:33:46"
"58532";"Apple Freeze — 7 Mini joints infused + kief (4g)";"205046655";"Cannabis Product";NULL;"11";"0";"0";NULL;NULL;"2028-01-12 00:00:00";"2028-01-05 00:00:00";"50.0000";"132.0000";NULL;NULL;NULL;NULL;NULL;NULL;NULL;NULL;NULL;"1";"0";"0";"0";"0";"0";"0";NULL;"0";"0";"0";"0";"not_moving_t1";NULL;NULL;NULL;NULL;NULL;"2026-01-12 01:13:23"
"58533";"Blue Dream [Sativa] — 7 Diamond Infused Mini Joints (3.5g | 0.5g each)";"205046678";"Cannabis Product";NULL;"11";"0";"0";NULL;NULL;"2028-01-12 00:00:00";"2028-01-05 00:00:00";"50.0000";"132.0000";NULL;NULL;NULL;NULL;NULL;NULL;NULL;NULL;NULL;"1";"0";"0";"0";"0";"0";"0";NULL;"0";"0";"0";"0";"not_moving_t1";NULL;NULL;NULL;NULL;NULL;"2026-01-12 01:13:12"
"58534";"MEDUSA [Sativa Dominant] — 7 Diamond Infused Mini Joints (3.5g | 0.5g each)";"205046708";"Cannabis Product";NULL;"11";"0";"0";NULL;NULL;"2028-01-12 00:00:00";"2028-01-05 00:00:00";"50.0000";"132.0000";NULL;NULL;NULL;NULL;NULL;NULL;NULL;NULL;NULL;"1";"0";"0";"0";"0";"0";"0";NULL;"0";"0";"0";"0";"not_moving_t1";NULL;NULL;NULL;NULL;NULL;"2026-01-12 01:13:22"
"58535";"PURPLE KRAKEN - Infused Joint 0.5g";"205046756";"Cannabis Product";NULL;"11";"0";"0";NULL;NULL;"2028-01-12 00:00:00";"2028-01-05 00:00:00";"50.0000";"49.5000";NULL;NULL;NULL;NULL;NULL;NULL;NULL;NULL;NULL;"1";"0";"0";"0";"0";"0";"0";NULL;"0";"0";"0";"0";"not_moving_t1";NULL;NULL;NULL;NULL;NULL;"2026-01-12 01:12:50"
"58536";"GUSHERS — Sauce Cart 1000 mg.";"205046824";"Cannabis Product";NULL;"11";"0";"0";NULL;NULL;"2028-01-12 00:00:00";"2028-01-05 00:00:00";"50.0000";"115.5000";NULL;NULL;NULL;NULL;NULL;NULL;NULL;NULL;NULL;"1";"0";"0";"0";"0";"0";"0";NULL;"0";"0";"0";"0";"not_moving_t1";NULL;NULL;NULL;NULL;NULL;"2026-01-12 01:13:00"
"58537";"GELATO — Sauce Cart 1000 mg.";"205046881";"Cannabis Product";NULL;"11";"0";"0";NULL;NULL;"2028-01-12 00:00:00";"2028-01-05 00:00:00";"50.0000";"115.5000";NULL;NULL;NULL;NULL;NULL;NULL;NULL;NULL;NULL;"1";"0";"0";"0";"0";"0";"0";NULL;"0";"0";"0";"0";"not_moving_t1";NULL;NULL;NULL;NULL;NULL;"2026-01-12 01:12:41"
"58538";"PINEAPPLE EXPRESS - Sauce Cart 1000 mg.";"205048749";"Cannabis Product";NULL;"11";"0";"0";NULL;NULL;"2028-01-12 00:00:00";"2028-01-05 00:00:00";"50.0000";"115.5000";NULL;NULL;NULL;NULL;NULL;NULL;NULL;NULL;NULL;"1";"0";"0";"0";"0";"0";"0";NULL;"0";"0";"0";"0";"not_moving_t1";NULL;NULL;NULL;NULL;NULL;"2026-01-12 01:12:30"
"58539";"SOUR HAZE — Sauce Cart 1000 mg.";"205048810";"Cannabis Product";NULL;"11";"0";"0";NULL;NULL;"2028-01-12 00:00:00";"2028-01-05 00:00:00";"50.0000";"115.5000";NULL;NULL;NULL;NULL;NULL;NULL;NULL;NULL;NULL;"1";"0";"0";"0";"0";"0";"0";NULL;"0";"0";"0";"0";"not_moving_t1";NULL;NULL;NULL;NULL;NULL;"2026-01-12 01:12:23"
"58540";"Sweet Melon Edibles — 100MG THC Gummies (NET WT 35g | 3.5g each)";"205048868";"Cannabis Product";NULL;"11";"0";"0";NULL;NULL;"2028-01-12 00:00:00";"2028-01-05 00:00:00";"50.0000";"99.0000";NULL;NULL;NULL;NULL;NULL;NULL;NULL;NULL;NULL;"1";"0";"0";"0";"0";"0";"0";NULL;"0";"0";"0";"0";"not_moving_t1";NULL;NULL;NULL;NULL;NULL;"2026-01-12 01:12:17"
"58541";"Wild Berry Mix Edibles — 100MG THC Gummies (NET WT 35g | 3.5g each)";"205048900";"Cannabis Product";NULL;"11";"0";"0";NULL;NULL;"2028-01-12 00:00:00";"2028-01-05 00:00:00";"50.0000";"99.0000";NULL;NULL;NULL;NULL;NULL;NULL;NULL;NULL;NULL;"1";"0";"0";"0";"0";"0";"0";NULL;"0";"0";"0";"0";"not_moving_t1";NULL;NULL;NULL;NULL;NULL;"2026-01-12 01:12:10"
"58542";"SOUR DIESEL - Sauce Carts 1000 mg.";"205048903";"Cannabis Product";NULL;"11";"0";"0";NULL;NULL;"2028-01-12 00:00:00";"2028-01-05 00:00:00";"50.0000";"115.5000";NULL;NULL;NULL;NULL;NULL;NULL;NULL;NULL;NULL;"1";"0";"0";"0";"0";"0";"0";NULL;"0";"0";"0";"0";"not_moving_t1";NULL;NULL;NULL;NULL;NULL;"2026-01-12 01:12:04"
"58543";"GORILLA GLUE — Sauce Cart 1000 mg.";"205048974";"Cannabis Product";NULL;"11";"0";"0";NULL;NULL;"2028-01-12 00:00:00";"2028-01-05 00:00:00";"50.0000";"115.5000";NULL;NULL;NULL;NULL;NULL;NULL;NULL;NULL;NULL;"1";"0";"0";"0";"0";"0";"0";NULL;"0";"0";"0";"0";"not_moving_t1";NULL;NULL;NULL;NULL;NULL;"2026-01-12 01:10:50"
"58544";"APE OG — Sauce Cart 1000mg.";"205049016";"Cannabis Product";NULL;"11";"0";"0";NULL;NULL;"2028-01-12 00:00:00";"2028-01-05 00:00:00";"50.0000";"115.5000";NULL;NULL;NULL;NULL;NULL;NULL;NULL;NULL;NULL;"1";"0";"0";"0";"0";"0";"0";NULL;"0";"0";"0";"0";"not_moving_t1";NULL;NULL;NULL;NULL;NULL;"2026-01-12 01:10:37"
"58545";"BLACK MAMBA — Sauce Cart 1000 mg.";"205049079";"Cannabis Product";NULL;"11";"0";"0";NULL;NULL;"2028-01-12 00:00:00";"2028-01-05 00:00:00";"50.0000";"115.5000";NULL;NULL;NULL;NULL;NULL;NULL;NULL;NULL;NULL;"1";"0";"0";"0";"0";"0";"0";NULL;"0";"0";"0";"0";"not_moving_t1";NULL;NULL;NULL;NULL;NULL;"2026-01-12 01:10:43"
"58546";"BUBBLE GUM — Infused Joint 0.5g";"205049138";"Cannabis Product";NULL;"11";"0";"0";NULL;NULL;"2028-01-12 00:00:00";"2028-01-05 00:00:00";"50.0000";"49.5000";NULL;NULL;NULL;NULL;NULL;NULL;NULL;NULL;NULL;"1";"0";"0";"0";"0";"0";"0";NULL;"0";"0";"0";"0";"not_moving_t1";NULL;NULL;NULL;NULL;NULL;"2026-01-12 01:10:24"
"58547";"TIME MACHINE — Sauce Cart 1000 mg.";"205049172";"Cannabis Product";NULL;"11";"0";"0";NULL;NULL;"2028-01-12 00:00:00";"2028-01-05 00:00:00";"50.0000";"115.5000";NULL;NULL;NULL;NULL;NULL;NULL;NULL;NULL;NULL;"1";"0";"0";"0";"0";"0";"0";NULL;"0";"0";"0";"0";"not_moving_t1";NULL;NULL;NULL;NULL;NULL;"2026-01-12 01:10:30"
"58548";"ZKITTLEZ – Prerolls Hash Rosin Infused + kief 1.3g";"205049275";NULL;NULL;"11";"0";"0";NULL;NULL;"2028-01-11 00:00:00";"2028-01-04 00:00:00";"50.0000";"82.5000";NULL;NULL;NULL;NULL;NULL;NULL;NULL;NULL;NULL;"1";"0";"0";"0";"0";"0";"0";NULL;"0";"0";"0";"0";"not_moving_t1";NULL;NULL;NULL;NULL;NULL;"2026-01-11 09:46:23"
"58549";"WHITE RUNTZ - live resin sugar diamonds 1000 mg";"205049315";NULL;NULL;"11";"0";"0";NULL;NULL;"2028-01-11 00:00:00";"2028-01-04 00:00:00";"50.0000";"115.5000";NULL;NULL;NULL;NULL;NULL;NULL;NULL;NULL;NULL;"1";"0";"0";"0";"0";"0";"0";NULL;"0";"0";"0";"0";"not_moving_t1";NULL;NULL;NULL;NULL;NULL;"2026-01-11 09:46:30"
"58550";"Permanent Marker - live resin sugar diamonds 1000 mg";"205049365";NULL;NULL;"11";"0";"0";NULL;NULL;"2028-01-11 00:00:00";"2028-01-04 00:00:00";"50.0000";"115.5000";NULL;NULL;NULL;NULL;NULL;NULL;NULL;NULL;NULL;"1";"0";"0";"0";"0";"0";"0";NULL;"0";"0";"0";"0";"not_moving_t1";NULL;NULL;NULL;NULL;NULL;"2026-01-11 09:46:36"
"58551";"Cookies & Cream - live resin sugar diamonds 1000 mg";"205049389";NULL;NULL;"11";"0";"0";NULL;NULL;"2028-01-11 00:00:00";"2028-01-04 00:00:00";"50.0000";"115.5000";NULL;NULL;NULL;NULL;NULL;NULL;NULL;NULL;NULL;"1";"0";"0";"0";"0";"0";"0";NULL;"0";"0";"0";"0";"not_moving_t1";NULL;NULL;NULL;NULL;NULL;"2026-01-11 09:46:43"
"58699";"Purple Nerdz – 3.5g Premium Godspeed Flower – Octane 89";"208457577";"PRE-PACK FLOWER";"GODSPEED CANNABIS CO.";"115";"0";"0";NULL;NULL;"2028-01-11 00:00:00";"2028-01-04 00:00:00";"50.0000";"1552.5000";NULL;NULL;NULL;NULL;NULL;NULL;NULL;NULL;NULL;"0";"0";"0";"0";"0";"0";"0";NULL;"0";"0";"0";"0";"not_moving_t1";NULL;NULL;"2025-11-28 00:00:00";"2025-11-28 00:00:00";"{""stock_qty"":115,""stock_status"":""instock"",""sales_status"":""not_moving_t1"",""total_units_sold"":0,""sales_per_day"":""0.00 (1 Days)"",""sales_per_month"":0,""oos_date"":""2028-01-06"",""reorder_date"":""2027-12-30"",""last_purchased"":""2025-11-28 10:17:00"",""flags"":{""do_not_reorder"":""no"",""must_stock"":""no"",""force_reorder"":""no"",""flag_for_review"":""no"",""mark_for_clearance"":""no"",""mark_for_removal"":""no""}}";"2026-01-11 09:29:21"
"58701";"Jupiter OG – 3.5g Premium Godspeed Flower – Octane 91";"208457813";"PRE-PACK FLOWER";NULL;"103";"3";"18";NULL;NULL;"2026-02-05 00:00:00";"2026-02-05 00:00:00";"50.0000";"1854.0000";NULL;NULL;NULL;NULL;NULL;NULL;NULL;NULL;NULL;"0";"0";"0";"0";"0";"0";"0";NULL;"0";"0";"0";"0";"not_moving_t2";"2025-11-28 00:00:00";"2025-12-03 00:00:00";"2025-11-28 00:00:00";"2025-11-28 00:00:00";NULL;"2026-01-11 09:29:15"
"58702";"Knockout Candy – 3.5g Premium Godspeed Flower – Octane 91";"208457902";"PRE-PACK FLOWER";NULL;"107";"7";"52";NULL;NULL;"2026-03-13 00:00:00";"2026-03-06 00:00:00";"50.0000";"1926.0000";NULL;NULL;NULL;NULL;NULL;NULL;NULL;NULL;NULL;"0";"0";"0";"0";"0";"0";"0";NULL;"0";"0";"0";"0";"not_moving_t2";"2025-11-29 00:00:00";"2025-12-03 00:00:00";"2025-11-28 00:00:00";"2025-11-28 00:00:00";NULL;"2026-01-11 09:29:09"
"58719";"Live Resin Sugar - Purple Kush - Godspeed Premium Concentrate - 1g";"208464027";"LIVE RESIN SUGAR";"GODSPEED CANNABIS CO.";"12";"0";"0";NULL;NULL;"2028-01-11 00:00:00";"2028-01-04 00:00:00";"50.0000";"126.0000";NULL;NULL;NULL;NULL;NULL;NULL;NULL;NULL;"regular";"0";"0";"0";"0";"0";"0";"0";NULL;"0";"0";"0";"0";"not_moving_t1";NULL;NULL;"2025-11-28 00:00:00";"2025-11-28 00:00:00";"{""stock_qty"":12,""stock_status"":""instock"",""sales_status"":""not_moving_t1"",""total_units_sold"":0,""sales_per_day"":""0.00 (1 Days)"",""sales_per_month"":0,""oos_date"":""2028-01-06"",""reorder_date"":""2027-12-30"",""last_purchased"":""2025-11-28 10:17:00"",""flags"":{""do_not_reorder"":""no"",""must_stock"":""no"",""force_reorder"":""no"",""flag_for_review"":""no"",""mark_for_clearance"":""no"",""mark_for_removal"":""no""}}";"2026-01-11 09:29:02"
"59360";"Live Resin Sugar - Tres Leches - Godspeed Premium Concentrate - 1g";"208776989";"LIVE RESIN SUGAR";NULL;"73";"0";"0";NULL;NULL;"2028-01-11 00:00:00";"2028-01-04 00:00:00";"50.0000";"766.5000";NULL;NULL;NULL;NULL;NULL;NULL;NULL;NULL;NULL;"0";"0";"0";"0";"0";"0";"0";NULL;"0";"0";"0";"0";"not_moving_t1";NULL;NULL;"2025-12-03 00:00:00";"2025-12-03 00:00:00";NULL;"2026-01-11 09:31:34"
"59362";"Live Resin Sugar - Oreo Mudslide - Godspeed Premium Concentrate - 1g";"208777251";"LIVE RESIN SUGAR";NULL;"71";"0";"0";NULL;NULL;"2028-01-11 00:00:00";"2028-01-04 00:00:00";"50.0000";"745.5000";NULL;NULL;NULL;NULL;NULL;NULL;NULL;NULL;NULL;"0";"0";"0";"0";"0";"0";"0";NULL;"0";"0";"0";"0";"not_moving_t1";NULL;NULL;"2025-12-03 00:00:00";"2025-12-03 00:00:00";NULL;"2026-01-11 09:31:27"
